<?xml version="1.0" encoding="UTF-8"?>
<!DOCTYPE mapper PUBLIC "-//mybatis.org//DTD Mapper 3.0//EN" "http://mybatis.org/dtd/mybatis-3-mapper.dtd">
<mapper namespace="com.xuecheng.content.mapper.TeachplanMapper">

    <!-- 通用查询映射结果 -->
    <resultMap id="BaseResultMap" type="com.xuecheng.content.model.po.Teachplan">
        <id column="id" property="id" />
        <result column="pname" property="pname" />
        <result column="parentid" property="parentid" />
        <result column="grade" property="grade" />
        <result column="media_type" property="mediaType" />
        <result column="start_time" property="startTime" />
        <result column="end_time" property="endTime" />
        <result column="description" property="description" />
        <result column="timelength" property="timelength" />
        <result column="orderby" property="orderby" />
        <result column="course_id" property="courseId" />
        <result column="course_pub_id" property="coursePubId" />
        <result column="status" property="status" />
        <result column="is_preview" property="isPreview" />
        <result column="create_date" property="createDate" />
        <result column="change_date" property="changeDate" />
    </resultMap>

    <!-- 通用查询结果列 -->
    <sql id="Base_Column_List">
        id, pname, parentid, grade, media_type, start_time, end_time, description, timelength, orderby, course_id, course_pub_id, status, is_preview, create_date, change_date
    </sql>

    <resultMap id="treeNodeResultMap" type="com.xuecheng.content.model.dto.TeachplanDto">

        <id     column="one_id"        property="id" />
        <result column="one_pname"      property="pname" />
        <result column="one_parentid"     property="parentid" />
        <result column="one_grade"  property="grade" />
        <result column="one_mediaType"   property="mediaType" />
        <result column="one_stratTime"   property="stratTime" />
        <result column="one_endTime"   property="endTime" />
        <result column="one_orderby"   property="orderby" />
        <result column="one_courseId"   property="courseId" />
        <result column="one_coursePubId"   property="coursePubId" />
        <!--映射子节点,一对多映射,ofType list中的对象类型-->
        <collection property="teachPlanTreeNodes" ofType="com.xuecheng.content.model.dto.TeachplanDto">
            <id     column="two_id"        property="id" />
            <result column="two_pname"      property="pname" />
            <result column="two_parentid"     property="parentid" />
            <result column="two_grade"  property="grade" />
            <result column="two_mediaType"   property="mediaType" />
            <result column="two_stratTime"   property="stratTime" />
            <result column="two_endTime"   property="endTime" />
            <result column="two_orderby"   property="orderby" />
            <result column="two_courseId"   property="courseId" />
            <result column="two_coursePubId"   property="coursePubId" />
            <!--一对一映射-->
            <association property="teachplanMedia" javaType="com.xuecheng.content.model.po.TeachplanMedia">
                <id column="teachplanMeidaId" property="id"/>
                <result column="mediaFilename" property="mediaFilename"/>
                <result column="mediaId" property="mediaId"/>

            </association>
        </collection>

    </resultMap>


    <select id="selectTreeNodes" parameterType="long" resultMap="treeNodeResultMap">

        select
            one.id            one_id,
            one.pname         one_pname,
            one.parentid      one_parentid,
            one.grade         one_grade,
            one.media_type    one_mediaType,
            one.start_time    one_stratTime,
            one.end_time      one_endTime,
            one.orderby       one_orderby,
            one.course_id     one_courseId,
            one.course_pub_id one_coursePubId,
            two.id            two_id,
            two.pname         two_pname,
            two.parentid      two_parentid,
            two.grade         two_grade,
            two.media_type    two_mediaType,
            two.start_time    two_stratTime,
            two.end_time      two_endTime,
            two.orderby       two_orderby,
            two.course_id     two_courseId,
            two.course_pub_id two_coursePubId,
            m1.media_fileName mediaFilename,
            m1.id             teachplanMeidaId,
            m1.media_id       mediaId
        from teachplan one
                 left join teachplan two on two.parentid = one.id
                 left join teachplan_media m1 on two.id = m1.teachplan_id
        where one.parentid = 0
          and one.course_id = #{id}
        order by one.orderby,two.orderby

    </select>

</mapper>
